feature,mean_ap_drop,std
market_segment,0.14680219748945741,0.006114241493037893
lead_time,0.09819331820691353,0.0026137463405536097
customer_type,0.05777543226577608,0.0033129799031838604
distribution_channel,0.03145926674306417,0.0015003813849852983
hotel,0.018376541859417134,0.002033920184766887
reserved_room_type,0.010345146801192731,0.0016599171972220962
total_guests,0.006075064850078286,0.00016659571335371582
adults,0.004459835288118737,0.0005685254537067269
stays_in_week_nights,0.004231089859841108,0.0015299075840700864
total_nights,0.004133761286864786,0.0008744172808631781
stays_in_weekend_nights,0.0033183407039100166,0.001148188540802991
arrival_month,0.0024151204377144873,0.00028711105410708296
meal,0.0013215166852874975,0.0011155599499877134
children,0.0005928190066822511,8.404140453743457e-05
is_repeated_guest,0.0004066461925312052,0.0006496611257655464
babies,5.384537653415252e-05,3.120795026075681e-05
